City,Cloudiness,Country,Date,Humidity,Lat,Lng,Max_Temp,Wind_Speed
krasnyy yar,94,RU,1642701785,88,46.5331,48.3456,15.73,6.08
butaritari,79,KI,1642701209,71,3.0707,172.7902,81.66,17.43
camacha,20,PT,1642701785,55,33.0833,-16.3333,63.36,24.16
port hardy,100,CA,1642701291,93,50.6996,-127.4199,44.76,10.36
ushuaia,1,AR,1642701100,33,-54.8,-68.3,67.62,4.43
luanda,20,AO,1642701146,65,-8.8368,13.2343,80.6,9.22
birjand,0,IR,1642701786,59,32.8663,59.2211,42.85,5.44
vardo,20,NO,1642701478,93,70.3705,31.1107,26.8,9.22
mahebourg,40,MU,1642701427,89,-20.4081,57.7,81.25,4.61
vaini,5,TO,1642701393,80,-21.2,-175.2,81.37,19.51
tuktoyaktuk,75,CA,1642701387,75,69.4541,-133.0374,-25.6,14.97
gizo,100,SB,1642701786,82,-8.103,156.8419,79.7,4.68
mataura,100,NZ,1642701390,96,-46.1927,168.8643,54.48,7.09
ribeira grande,20,PT,1642701410,82,38.5167,-28.7,64.8,17.27
port hedland,75,AU,1642701451,79,-20.3167,118.5667,86.05,9.22
boueni,100,YT,1642701787,76,-12.9025,45.0761,76.98,14.94
southport,20,GB,1642701787,78,53.6478,-3.0065,39.18,5.75
bhiwani,3,IN,1642701787,77,28.7833,76.1333,52.83,3.91
hilo,100,US,1642701293,91,19.7297,-155.09,70.25,3.44
luderitz,22,NA,1642701504,66,-26.6481,15.1594,73.92,12.86
grindavik,100,IS,1642701500,100,63.8424,-22.4338,46.87,24.16
malindi,100,KE,1642701788,78,-3.2175,40.1191,80.35,12.62
nikolskoye,100,RU,1642701394,93,59.7035,30.7861,34.88,7.56
deputatskiy,61,RU,1642701206,75,69.3,139.9,-20.76,3.94
nago,42,JP,1642701788,65,26.5881,127.9761,59.07,11.25
atuona,52,PF,1642701410,75,-9.8,-139.0333,78.51,23.2
kapaa,32,US,1642701419,80,22.0752,-159.319,73.2,5.37
itarema,91,BR,1642701789,62,-2.9248,-39.9167,85.62,14.12
laguna,0,US,1642701503,83,38.421,-121.4238,61.63,1.01
ifanadiana,100,MG,1642701789,98,-21.3,47.6333,66.78,0.98
quatre cocos,43,MU,1642701411,82,-20.2078,57.7625,81.09,9.66
hermanus,0,ZA,1642701417,76,-34.4187,19.2345,68.9,4.7
marawi,96,PH,1642701565,92,7.9986,124.2928,64.65,2.15
albany,61,US,1642701220,57,42.6001,-73.9662,29.44,5.01
rikitea,100,PF,1642701385,75,-23.1203,-134.9692,78.44,9.55
port alfred,6,ZA,1642701396,86,-33.5906,26.891,76.14,9.31
cayenne,75,GF,1642701404,82,4.9333,-52.3333,84.24,4.0
jamestown,100,US,1642701189,54,42.097,-79.2353,18.52,5.99
chokurdakh,57,RU,1642701458,96,70.6333,147.9167,-32.6,7.38
hobart,12,AU,1642701428,87,-42.8794,147.3294,56.05,3.0
geraldton,0,AU,1642701791,68,-28.7667,114.6,68.41,5.75
busselton,52,AU,1642701395,63,-33.65,115.3333,79.09,9.01
maceio,20,BR,1642701618,55,-9.6658,-35.7353,89.04,13.8
katsuura,1,JP,1642701345,52,35.1333,140.3,38.19,20.11
hami,100,CN,1642701452,41,42.8,93.45,28.27,3.71
port elizabeth,75,ZA,1642701422,88,-33.918,25.5701,76.1,17.27
jumla,94,NP,1642701472,95,29.2747,82.1838,32.11,2.71
dakar,23,SN,1642701650,58,14.6937,-17.4441,92.28,12.37
juneau,100,US,1642701792,98,58.3019,-134.4197,37.85,8.01
guasdualito,75,VE,1642701792,30,7.2424,-70.7324,95.5,6.93
bredasdorp,0,ZA,1642701390,64,-34.5322,20.0403,69.12,10.36
sabha,23,LY,1642701792,43,27.0377,14.4283,53.94,7.23
la ronge,75,CA,1642701453,71,55.1001,-105.2842,-5.58,8.05
tasiilaq,100,GL,1642701405,97,65.6145,-37.6368,29.77,20.98
bluff,100,NZ,1642701388,74,-46.6,168.3333,54.81,17.11
mar del plata,100,AR,1642701443,93,-38.0023,-57.5575,74.08,5.01
tuatapere,100,NZ,1642701403,89,-46.1333,167.6833,54.82,9.55
solwezi,98,ZM,1642701793,97,-12.1688,26.3894,62.42,4.32
berlevag,97,NO,1642701793,77,70.8578,29.0864,33.8,32.59
lixourion,75,GR,1642701794,71,38.2019,20.4314,55.4,4.61
lebu,0,CL,1642701423,55,-37.6167,-73.65,61.93,9.22
saint george,0,US,1642701433,45,37.1041,-113.5841,49.62,1.01
saskylakh,54,RU,1642701460,99,71.9167,114.0833,-22.65,6.15
monrovia,92,LR,1642701794,70,6.3005,-10.7969,85.77,10.8
colares,0,PT,1642701497,49,38.7992,-9.4469,60.64,1.99
qaanaaq,96,GL,1642701386,61,77.484,-69.3632,7.2,7.43
zhanaozen,100,KZ,1642701795,92,43.3,52.8,32.61,13.91
fergus falls,0,US,1642701795,74,46.283,-96.0776,-7.62,4.61
yasnyy,89,RU,1642701795,99,51.0333,59.8742,-2.38,4.16
puerto ayora,98,EC,1642701415,85,-0.7393,-90.3518,84.16,8.7
cherskiy,34,RU,1642701513,99,68.75,161.3,-38.25,2.89
yellowknife,100,CA,1642701131,77,62.456,-114.3525,-10.68,8.05
east london,0,ZA,1642701421,78,-33.0153,27.9116,79.74,8.05
hamilton,30,US,1642701372,54,39.1834,-84.5333,28.74,1.01
bathsheba,40,BB,1642701467,58,13.2167,-59.5167,84.81,24.16
pindiga,40,NG,1642701796,22,9.9833,10.9333,71.08,7.4
myitkyina,96,MM,1642701797,98,25.3833,97.4,56.52,3.36
bandundu,62,CD,1642701797,72,-3.3167,17.3667,78.85,3.18
dingle,64,PH,1642701284,93,10.9995,122.6711,72.84,7.52
kefamenanu,100,ID,1642701797,96,-9.4467,124.4781,71.1,1.83
souillac,40,MU,1642701438,89,-20.5167,57.5167,81.36,4.61
aswan,0,EG,1642701547,35,24.0934,32.907,58.3,12.66
ponta do sol,100,PT,1642701419,32,32.6667,-17.1,69.12,16.55
sitka,75,US,1642701464,93,57.0531,-135.33,39.09,12.66
arraial do cabo,0,BR,1642701448,74,-22.9661,-42.0278,87.76,20.71
beringovskiy,4,RU,1642701344,88,63.05,179.3167,-20.56,11.41
carnarvon,11,AU,1642701397,73,-24.8667,113.6333,78.87,12.66
cape town,0,ZA,1642701106,64,-33.9258,18.4232,70.21,3.0
alofi,51,NU,1642701502,83,-19.0595,-169.9187,78.69,13.8
yanam,9,IN,1642701798,93,16.7333,82.2167,67.78,2.44
yulara,84,AU,1642701484,78,-25.2406,130.9889,73.24,12.66
diu,0,IN,1642701616,86,20.7141,70.9822,70.03,12.15
marsa matruh,40,EG,1642701432,62,31.3525,27.2453,55.6,4.61
kodiak,0,US,1642701413,80,57.79,-152.4072,24.31,3.44
guasca,96,CO,1642701799,68,4.866,-73.8775,60.62,4.83
severo-kurilsk,100,RU,1642701425,84,50.6789,156.125,28.76,25.05
flinders,100,AU,1642701785,86,-34.5833,150.8552,64.8,1.99
ekhabi,100,RU,1642701800,92,53.5102,142.9671,-1.37,16.73
tezu,100,IN,1642701800,50,27.9167,96.1667,60.33,1.32
trogir,75,HR,1642701800,81,43.5125,16.2517,50.05,5.75
caravelas,0,BR,1642701800,59,-17.7125,-39.2481,83.97,8.61
upernavik,100,GL,1642701462,90,72.7868,-56.1549,11.55,24.81
avarua,75,CK,1642701392,89,-21.2078,-159.775,80.65,10.36
lagoa,80,PT,1642701414,85,39.05,-27.9833,61.68,19.51
madhubani,26,IN,1642701801,62,26.3667,86.0833,56.88,2.51
san patricio,100,US,1642701454,47,28.017,-97.5169,44.69,20.6
bethel,100,US,1642701402,77,41.3712,-73.414,33.94,1.01
damaturu,49,NG,1642701802,25,11.747,11.9608,66.16,10.51
havre-saint-pierre,40,CA,1642701583,72,50.2334,-63.5986,14.59,8.05
gat,47,IL,1642701802,100,31.61,34.7642,49.41,3.58
kenai,100,US,1642701802,95,60.5544,-151.2583,24.15,4.61
naze,78,JP,1642701515,64,28.3667,129.4833,53.02,11.45
dikson,100,RU,1642701388,93,73.5069,80.5464,3.72,17.29
simao,84,CN,1642701420,98,22.7886,100.9748,50.85,2.48
kankon,83,IN,1642701803,73,15.0167,74.0167,73.02,7.4
georgetown,20,MY,1642701368,90,5.4112,100.3354,81.9,1.99
fort morgan,100,US,1642701803,100,40.2503,-103.8,21.94,9.22
kautokeino,35,NO,1642701804,76,69.0125,23.0412,23.23,22.7
saldanha,0,ZA,1642701408,83,-33.0117,17.9442,75.25,20.42
kununurra,75,AU,1642701531,89,-15.7667,128.7333,80.58,4.61
tecolutla,66,MX,1642701804,77,20.4833,-97.0167,78.66,13.94
san quintin,0,MX,1642701804,59,30.4833,-115.95,64.11,3.58
ilulissat,100,GL,1642701498,93,69.2167,-51.1,18.73,8.14
setermoen,100,NO,1642701805,97,68.861,18.3486,32.43,7.78
norman wells,100,CA,1642701393,70,65.282,-126.8329,-12.96,14.97
taoudenni,0,ML,1642701805,14,22.6783,-3.9836,70.61,8.68
aklavik,75,CA,1642701357,70,68.2191,-135.0107,-14.8,9.22
labuhan,100,ID,1642701444,88,-6.8844,112.2051,75.02,6.62
guerrero negro,1,MX,1642701806,47,27.9769,-114.0611,67.21,5.08
springville,52,US,1642701718,84,40.1652,-111.6107,38.88,1.01
cavalcante,1,BR,1642701806,45,-13.7975,-47.4583,83.43,6.73
coos bay,64,US,1642701448,100,43.3665,-124.2179,54.32,4.32
matay,0,EG,1642701807,44,28.419,30.7792,50.14,7.87
prince rupert,100,CA,1642701539,92,54.3161,-130.3201,44.29,6.91
ayan,32,RU,1642701807,79,56.45,138.1667,-4.43,7.31
makakilo city,27,US,1642701524,82,21.3469,-158.0858,72.61,1.88
kailua,0,US,1642701807,85,21.4022,-157.7394,75.18,0.0
new norfolk,18,AU,1642701388,74,-42.7826,147.0587,55.71,2.73
castro,15,BR,1642701387,54,-24.7911,-50.0119,81.77,3.29
pisco,0,PE,1642701480,65,-13.7,-76.2167,77.05,11.5
pilar,27,BR,1642701808,49,-9.5972,-35.9567,87.73,12.75
punta arenas,0,CL,1642701260,45,-53.15,-70.9167,69.82,6.91
aquiraz,64,BR,1642701808,69,-3.9014,-38.3911,86.09,8.79
lovington,94,US,1642701809,56,32.944,-103.3485,24.64,3.0
mattru,85,SL,1642701809,36,7.6244,-11.8332,88.21,5.1
peoria,47,US,1642701672,69,40.7667,-89.7668,14.61,10.02
senanga,93,ZM,1642701809,88,-16.1167,23.2667,68.85,4.97
hobyo,24,SO,1642701401,74,5.3505,48.5268,78.28,15.95
uray,99,RU,1642701810,93,60.1247,64.7758,19.09,9.42
clyde river,100,CA,1642701436,85,70.4692,-68.5914,-0.17,5.75
hithadhoo,79,MV,1642701434,72,-0.6,73.0833,82.38,6.51
pevek,34,RU,1642701421,97,69.7008,170.3133,-36.81,1.1
poptun,59,GT,1642701810,75,16.3311,-89.4169,75.67,4.05
kaitangata,100,NZ,1642701404,81,-46.2817,169.8464,57.92,11.86
barrow,87,US,1642701489,100,71.2906,-156.7887,-26.03,4.43
kankipadu,9,IN,1642701811,93,16.45,80.7833,66.88,3.91
kurilsk,100,RU,1642701811,92,45.2333,147.8833,29.77,16.53
neyshabur,0,IR,1642701811,27,36.2133,58.7958,39.88,1.77
kutum,6,SD,1642701454,17,14.2,24.6667,58.32,9.71
saint-philippe,74,RE,1642701393,84,-21.3585,55.7679,80.15,5.77
acarau,94,BR,1642701685,63,-2.8856,-40.12,85.42,15.46
mayo,100,US,1642701812,87,38.8876,-76.5119,38.37,5.99
khatanga,100,RU,1642701283,95,71.9667,102.5,-12.6,6.08
sao filipe,88,CV,1642701496,77,14.8961,-24.4956,73.58,9.66
touros,10,BR,1642701129,60,-5.1989,-35.4608,90.5,15.08
narsaq,100,GL,1642701421,95,60.9167,-46.05,27.72,14.14
wanning,78,CN,1642701523,76,18.8003,110.3967,69.37,4.41
port-gentil,100,GA,1642701813,77,-0.7193,8.7815,79.57,6.04
oussouye,18,SN,1642701813,48,12.485,-16.5469,82.42,10.98
srandakan,100,ID,1642701813,89,-7.9386,110.2506,75.0,3.11
mwene-ditu,85,CD,1642701814,94,-7.0,23.45,66.83,3.44
praia da vitoria,20,PT,1642701391,94,38.7333,-27.0667,64.76,18.39
mitzic,98,GA,1642701814,72,0.7821,11.549,76.06,2.89
hasaki,0,JP,1642701457,46,35.7333,140.8333,32.4,21.34
yar-sale,98,RU,1642701442,88,66.8333,70.8333,14.47,20.92
priargunsk,100,RU,1642701814,98,50.3691,119.1012,-7.78,2.04
hofn,75,IS,1642701490,81,64.2539,-15.2082,42.82,5.75
zhelyabovka,95,UA,1642701815,70,45.3988,34.7578,35.33,10.18
tiksi,100,RU,1642701424,85,71.6872,128.8694,-6.48,14.29
kavaratti,76,IN,1642701499,71,10.5669,72.642,80.69,11.52
tula,100,RU,1642701815,92,54.2044,37.6111,20.48,15.61
antalaha,100,MG,1642701466,93,-14.9003,50.2788,75.38,4.34
vila franca do campo,19,PT,1642701816,85,37.7167,-25.4333,67.19,17.78
bengkulu,100,ID,1642701816,88,-3.8004,102.2655,75.47,4.81
urumqi,75,CN,1642701816,93,43.801,87.6005,16.75,2.24
sorland,100,NO,1642701817,68,67.667,12.6934,30.27,28.77
miraflores,45,MX,1642701817,33,19.2167,-98.8083,66.96,2.53
arlit,0,NE,1642701817,18,18.7369,7.3853,64.94,7.65
alice springs,100,AU,1642701309,65,-23.7,133.8833,81.21,1.01
jacqueville,52,CI,1642701818,66,5.2052,-4.4146,84.11,9.95
pavlohrad,73,UA,1642701818,77,48.5167,35.8667,26.98,14.97
pangkalanbuun,100,ID,1642701818,99,-2.6833,111.6167,73.09,2.95
radhanpur,0,IN,1642701819,64,23.8333,71.6,69.84,4.36
thompson,75,CA,1642701394,76,55.7435,-97.8558,-18.24,6.91
nipawin,23,CA,1642701819,81,53.3668,-104.0009,-0.51,10.98
eyrarbakki,100,IS,1642701819,96,63.863,-21.1481,47.44,13.76
mbuji-mayi,58,CD,1642701820,88,-6.15,23.6,72.01,0.92
koungou,0,YT,1642701820,88,-12.7336,45.2042,76.71,5.75
miracatu,22,BR,1642701782,40,-24.2814,-47.4597,95.94,3.24
rawson,75,AR,1642701547,100,-43.3002,-65.1023,64.69,18.41
hinton,100,CA,1642701614,88,53.4001,-117.5857,33.1,7.52
kahului,17,US,1642701452,85,20.8947,-156.47,72.84,4.34
karratha,16,AU,1642701820,67,-20.7377,116.8463,84.69,14.36
reitz,15,ZA,1642701734,55,-27.8014,28.4273,66.04,9.24
svetlogorsk,100,BY,1642701821,89,52.6333,29.7333,30.0,11.54
tessalit,0,ML,1642701465,13,20.1986,1.0114,67.64,8.57
progreso,4,MX,1642701821,59,21.2833,-89.6667,86.11,9.89
acapulco,12,MX,1642701510,58,16.8634,-99.8901,83.28,5.93
tecoanapa,0,MX,1642701822,66,16.5167,-98.75,81.75,7.65
torbay,100,CA,1642701292,93,47.6666,-52.7314,44.76,23.02
santa vitoria do palmar,34,BR,1642701822,68,-33.5189,-53.3681,84.87,12.95
riyadh,0,SA,1642701674,40,24.6877,46.7219,54.86,19.17
ardahan,75,TR,1642701823,97,41.1087,42.7022,3.45,5.08
dafeng,94,CN,1642701823,80,23.4517,108.5881,57.92,3.02
vostok,99,RU,1642701823,100,46.4856,135.8833,-20.51,3.53
saint-francois,75,FR,1642701486,76,46.4154,3.9054,38.68,11.5
thinadhoo,96,MV,1642701824,72,0.5333,72.9333,81.84,3.67
mercedes,33,AR,1642701824,37,-34.6515,-59.4307,83.84,9.28
gerede,5,TR,1642701824,84,40.8008,32.1969,9.73,7.52
ondangwa,100,NA,1642701825,66,-17.9167,15.95,73.15,8.01
brae,98,GB,1642701503,70,60.3964,-1.353,42.71,18.34
chuy,37,UY,1642701409,71,-33.6971,-53.4616,83.75,12.71
nuevitas,10,CU,1642701778,60,21.5453,-77.2644,87.24,11.45
pitimbu,8,BR,1642701825,66,-7.4706,-34.8086,88.39,11.41
kampene,100,CD,1642701552,96,-3.6,26.6667,69.19,1.1
sao jose da coroa grande,8,BR,1642701826,66,-8.8978,-35.1478,84.27,9.44
te anau,100,NZ,1642701504,90,-45.4167,167.7167,50.76,1.43
half moon bay,0,US,1642701539,84,37.4636,-122.4286,61.61,0.0
sampit,100,ID,1642701826,98,-2.5333,112.95,73.65,2.48
broken hill,81,AU,1642701826,57,-31.95,141.4333,73.8,20.42
terenos,75,BR,1642701827,54,-20.4422,-54.8603,87.51,10.36
teguise,0,ES,1642701827,63,29.0605,-13.564,62.82,11.5
viransehir,0,TR,1642701827,50,37.2353,39.7631,28.63,8.14
chiguayante,0,CL,1642701712,39,-36.9167,-73.0167,65.12,10.33
paita,34,PE,1642701516,64,-5.0892,-81.1144,82.96,15.73
aksarka,100,RU,1642701828,88,66.5606,67.7975,14.92,19.08
dejen,14,ET,1642701828,40,10.1667,38.1333,60.91,4.47
ossora,77,RU,1642701431,90,59.2353,163.0719,1.69,7.74
kloulklubed,94,PW,1642701520,80,7.0419,134.2556,81.28,12.46
san rafael,3,AR,1642701414,30,-34.6177,-68.3301,84.74,8.12
meadow lake,49,US,1642701829,51,34.8014,-106.5436,39.7,2.35
kasungu,42,MW,1642701829,95,-13.0333,33.4833,63.95,1.77
finnsnes,100,NO,1642701829,97,69.2296,17.9811,29.01,9.31
dwarka,0,IN,1642701433,89,22.2394,68.9678,72.7,9.95
taywarah,2,AF,1642701830,84,33.35,64.4167,9.66,5.55
lorengau,100,PG,1642701476,76,-2.0226,147.2712,81.27,9.53
rocha,95,UY,1642701418,76,-34.4833,-54.3333,82.11,12.21
nhulunbuy,40,AU,1642701830,89,-12.2333,136.7667,81.21,0.0
port-cartier,78,CA,1642701191,71,50.0334,-66.8654,10.74,11.59
cananeia,13,BR,1642701830,69,-25.0147,-47.9267,84.33,10.67
belmonte,26,BR,1642701831,65,-15.8631,-38.8828,84.7,9.28
sarishabari,4,BD,1642701831,59,24.7333,89.8333,63.63,6.29
ponta delgada,75,PT,1642701777,77,37.7333,-25.6667,67.5,18.41
dhidhdhoo,37,MV,1642701831,67,6.8833,73.1,81.27,9.42
necochea,100,AR,1642701428,78,-38.5473,-58.7368,72.03,17.76
datong,0,CN,1642701832,63,40.0936,113.2914,18.54,4.59
westport,100,US,1642701476,72,41.1415,-73.3579,35.15,1.99
luena,79,AO,1642701832,81,-11.7833,19.9167,64.42,1.74
kavieng,100,PG,1642701387,79,-2.5744,150.7967,79.99,11.14
qandala,44,SO,1642701477,73,11.472,49.8728,75.94,1.05
naliya,0,IN,1642701833,91,23.2667,68.8333,70.81,9.78
nchelenge,100,ZM,1642701833,82,-9.3451,28.734,71.11,4.79
kimbe,100,PG,1642701833,96,-5.5502,150.1429,75.18,2.89
lucea,1,JM,1642701834,66,18.451,-78.1736,82.85,16.28
filotion,68,GR,1642701834,71,37.05,25.5,55.54,13.0
nanortalik,100,GL,1642701438,88,60.1432,-45.2371,29.62,18.97
klaksvik,100,FO,1642701451,87,62.2266,-6.589,43.72,23.26
najran,10,SA,1642701834,41,17.4924,44.1277,68.86,4.94
talnakh,100,RU,1642701485,95,69.4865,88.3972,8.69,10.54
tuyen quang,100,VN,1642701835,85,21.8233,105.2181,60.37,1.05
longyearbyen,20,SJ,1642701134,79,78.2186,15.6401,10.24,2.3
parakai,96,NZ,1642701835,77,-36.65,174.4333,65.64,7.94
fortuna,0,US,1642701473,95,40.5982,-124.1573,51.33,1.01
vila velha,20,BR,1642701465,71,-20.3297,-40.2925,87.75,5.99
caconda,77,AO,1642701530,56,-13.7333,15.0667,61.86,4.05
otradnoye,100,RU,1642701836,94,59.7775,30.8181,35.04,7.54
husavik,100,IS,1642701430,86,66.0449,-17.3389,46.31,16.44
semirom,14,IR,1642701543,84,31.4167,51.5667,19.31,11.36
batagay,23,RU,1642701836,92,67.6333,134.6333,-34.56,2.95
chunskiy,100,RU,1642701837,100,56.0815,99.6342,-4.52,0.85
san andres,14,CO,1642701837,75,12.5847,-81.7006,80.83,19.8
zachepylivka,90,UA,1642701837,85,49.1939,35.2394,24.76,13.8
grand gaube,51,MU,1642701635,88,-20.0064,57.6608,81.37,5.01
marienburg,100,PL,1642701585,62,54.0359,19.0266,33.12,18.34
shimoda,87,JP,1642701838,82,34.6667,138.95,34.11,6.02
yuncheng,99,CN,1642701838,70,35.0231,110.9928,29.93,7.4
lucapa,72,AO,1642701838,93,-8.4192,20.7447,66.97,0.96
bambous virieux,40,MU,1642701463,89,-20.3428,57.7575,81.21,4.61
pamekasan,100,ID,1642701839,93,-7.1568,113.4746,74.93,5.7
leningradskiy,18,RU,1642701442,93,69.3833,178.4167,-35.21,2.01
sinnamary,70,GF,1642701839,74,5.3833,-52.95,81.55,9.62
kokopo,100,PG,1642701839,87,-4.352,152.2633,75.94,4.14
lakes entrance,5,AU,1642701840,90,-37.8811,147.981,54.57,5.82
esmeraldas,23,BR,1642701840,64,-19.7625,-44.3139,86.86,2.17
tyazhinskiy,97,RU,1642701840,96,56.116,88.524,5.32,4.07
kashan,21,IR,1642701841,44,33.9831,51.4364,41.2,10.56
tabory,100,RU,1642701841,92,58.5198,64.5495,18.37,7.2
cidreira,18,BR,1642701536,78,-30.1811,-50.2056,81.82,11.07
san carlos de bariloche,43,AR,1642701633,44,-41.1456,-71.3082,63.5,11.05
nongstoin,20,IN,1642701842,90,25.5167,91.2667,43.99,2.91
esna,0,EG,1642701842,30,25.2934,32.554,52.83,8.84
portland,75,US,1642701161,93,45.5234,-122.6762,55.56,1.99
severnyy-kospashskiy,100,RU,1642701842,94,59.0925,57.8008,14.25,9.73
calbuco,98,CL,1642701842,83,-41.768,-73.1273,57.99,2.68
malibu,0,US,1642701843,43,34.005,-118.8101,74.52,2.53
samarai,91,PG,1642701424,81,-10.6167,150.6667,80.24,10.8
sioux lookout,37,CA,1642701843,88,50.1001,-91.917,-4.63,6.15
petropavlovka,81,RU,1642701844,96,50.6114,105.3196,-1.48,2.42
lavrentiya,30,RU,1642701844,93,65.5833,-171.0,-20.81,10.11
mnogovershinnyy,28,RU,1642701535,87,53.9353,139.9242,-9.22,4.65
lompoc,20,US,1642701278,73,34.6391,-120.4579,71.13,10.36
palana,4,RU,1642701844,90,59.1167,159.9667,-1.75,7.05
aksu,0,CN,1642701845,45,41.1231,80.2644,26.58,3.18
kalmunai,65,LK,1642701845,69,7.4167,81.8167,73.54,6.06
kawalu,100,ID,1642701845,94,-7.3817,108.2082,71.13,1.16
baculin,99,PH,1642701846,81,7.4525,126.5842,77.0,5.61
cockburn town,40,TC,1642701536,61,21.4612,-71.1419,82.36,17.27
paracatu,1,BR,1642701806,49,-17.2222,-46.8747,84.92,3.89
mitsamiouli,75,KM,1642701469,78,-11.3847,43.2844,82.69,6.91
esperance,0,AU,1642701420,87,-33.8667,121.9,58.84,11.05
anloga,40,GH,1642701846,54,5.7947,0.8973,82.72,11.39
timaru,99,NZ,1642701847,96,-44.4,171.25,56.07,4.03
yingcheng,100,CN,1642701847,76,30.95,113.55,42.98,11.21
bitung,100,ID,1642701847,86,1.4451,125.1824,76.05,7.92
namibe,92,AO,1642701401,75,-15.1961,12.1522,72.5,8.84
san cristobal,92,VE,1642701494,46,7.7669,-72.225,77.18,6.33
alcantara,51,BR,1642701848,67,-2.4089,-44.4147,89.8,10.2
mabaruma,94,GY,1642701848,94,8.2,-59.7833,77.41,5.26
isangel,45,VU,1642701411,90,-19.55,169.2667,78.85,7.65
abaza,99,RU,1642701849,98,52.655,90.0928,11.55,1.99
lethem,99,GY,1642701849,57,3.3803,-59.7968,87.37,9.19
pangnirtung,20,CA,1642701459,76,66.1451,-65.7125,-20.2,2.3
ramsey,0,US,1642701849,63,45.0333,-93.0835,1.04,3.0
isabela,100,PH,1642701850,87,6.7085,121.9711,77.25,1.7
vrbove,40,SK,1642701850,62,48.6197,17.7226,33.76,10.36
don sak,4,TH,1642701850,82,9.3168,99.6918,76.71,11.45
codrington,2,AU,1642701396,76,-38.2667,141.9667,58.19,7.52
soure,14,BR,1642701851,72,-0.7167,-48.5233,83.88,13.96
kushmurun,100,KZ,1642701851,94,52.4503,64.6311,3.22,1.9
nola,73,IT,1642701851,99,40.922,14.5329,53.55,5.68
ventspils,100,LV,1642701852,100,57.3894,21.5606,31.93,31.07
ostrovnoy,100,RU,1642701483,78,68.0531,39.5131,18.64,6.62
mount pleasant,20,US,1642701852,59,32.7941,-79.8626,73.0,8.99
ubud,100,ID,1642701691,88,-8.5098,115.2654,76.32,4.9
airai,100,TL,1642701546,99,-8.9266,125.4092,61.03,3.44
makaha,0,US,1642701852,94,21.4694,-158.2175,75.11,0.0
pemangkat,100,ID,1642701853,86,1.1667,108.9667,76.86,4.54
swellendam,0,ZA,1642701853,54,-34.0226,20.4417,72.55,8.21
port pirie,92,AU,1642701437,52,-33.1833,138.0167,80.69,9.15
imeni poliny osipenko,71,RU,1642701853,100,52.4201,136.4853,-24.25,1.95
luau,99,AO,1642701854,90,-10.7073,22.2247,65.39,0.96
tongren,100,CN,1642701854,94,27.7172,109.1853,46.33,4.05
zhetysay,0,KZ,1642701855,63,40.7333,68.3,38.05,5.84
westerland,80,DE,1642701855,55,54.9079,8.3033,35.62,16.11
huangchuan,100,CN,1642701855,75,32.1272,115.0394,39.04,15.84
wanaka,100,NZ,1642701735,73,-44.7,169.15,57.11,1.01
agadir,100,MA,1642701856,40,30.4202,-9.5982,68.45,7.34
xihe,100,CN,1642701856,76,31.6864,113.4659,38.98,10.2
seymchan,79,RU,1642701661,100,62.8833,152.4333,-45.74,0.63
oktyabrskoye,100,RU,1642701857,100,43.0645,44.7417,19.54,2.24
tacuarembo,5,UY,1642701857,30,-31.7333,-55.9833,101.16,9.17
mogadishu,42,SO,1642701435,82,2.0371,45.3438,78.96,19.64
kruisfontein,2,ZA,1642701529,79,-34.0033,24.7314,73.89,16.64
iquitos,75,PE,1642701824,74,-3.7481,-73.2472,84.24,4.61
mehamn,75,NO,1642701474,86,71.0357,27.8492,33.98,40.29
erdenet,28,MN,1642701582,98,49.0333,104.0833,1.9,1.99
soc trang,45,VN,1642701858,85,9.6033,105.98,73.81,8.75
merrill,0,US,1642701802,63,45.1805,-89.6835,5.81,0.0
tommot,65,RU,1642701858,99,58.9564,126.2925,-23.64,1.16
hambantota,50,LK,1642701495,76,6.1241,81.1185,74.57,8.32
roald,100,NO,1642701858,86,62.5833,6.1333,35.01,11.5
mahon,20,ES,1642701859,87,39.8885,4.2658,46.96,6.91
panjab,0,AF,1642701859,51,34.388,67.0233,-5.78,2.28
griffith,40,US,1642701859,68,41.5284,-87.4237,20.62,1.01
honiara,100,SB,1642701348,92,-9.4333,159.95,76.41,1.19
zapolyarnyy,79,RU,1642701860,99,69.4154,30.8136,27.68,7.27
lingyuan,1,CN,1642701860,55,41.24,119.4011,11.08,2.19
olinda,40,BR,1642701860,70,-8.0089,-34.8553,83.93,11.5
cabo san lucas,100,MX,1642701405,71,22.8909,-109.9124,77.5,3.0
tocopilla,54,CL,1642701526,72,-22.092,-70.1979,73.56,9.64
rosarito,0,MX,1642701861,40,32.3333,-117.0333,70.21,2.82
monroe,100,US,1642701585,71,43.1501,-77.6831,16.41,3.0
bonavista,100,CA,1642701861,89,48.6499,-53.1147,42.12,23.73
asau,41,RO,1642701436,67,46.4333,26.4,36.52,8.52
zhongshu,10,CN,1642701861,96,24.5167,103.7667,42.51,4.45
constitucion,0,CL,1642701472,50,-35.3333,-72.4167,66.34,13.51
kirovohrad,48,UA,1642701862,90,48.5132,32.2597,26.29,7.45
rio cuarto,40,AR,1642701862,54,-33.1307,-64.3499,85.77,21.85
jaicos,2,BR,1642701862,20,-7.3592,-41.1378,100.35,3.2
neftekamsk,100,RU,1642701863,94,56.092,54.2703,12.87,8.77
parati,7,BR,1642701809,76,-23.2178,-44.7131,85.75,4.0
nelson bay,92,AU,1642701863,80,-32.7167,152.15,71.01,14.09
levokumka,75,RU,1642701863,79,44.2317,43.15,25.05,1.99
sao sebastiao,12,BR,1642701864,72,-23.76,-45.4097,83.98,4.18
havelock,100,US,1642701678,74,34.8791,-76.9013,65.98,7.0
maneadero,0,MX,1642701864,68,31.7167,-116.5667,68.18,6.22
carmarthen,14,GB,1642701734,77,51.8555,-4.3054,42.51,5.66
usta muhammad,0,PK,1642701865,47,28.1794,68.0445,63.73,6.62
kieta,100,PG,1642701865,82,-6.2167,155.6333,78.33,2.73
goundam,1,ML,1642701865,12,16.4145,-3.6708,74.86,11.01
uige,64,AO,1642701865,91,-7.6087,15.0613,68.74,1.34
sergeyevka,100,KZ,1642701463,95,53.88,67.4158,1.62,4.97
gamba,100,GA,1642701866,83,-2.65,10.0,77.2,4.36
seoul,0,KR,1642701492,86,37.5683,126.9778,20.64,2.3
vytegra,100,RU,1642701866,94,61.0064,36.4481,31.19,11.18
nouadhibou,99,MR,1642701867,64,20.931,-17.0347,67.42,9.35
juruti,73,BR,1642701867,41,-2.1522,-56.0922,92.8,6.6
vila do maio,88,CV,1642701867,78,15.1333,-23.2167,75.99,14.43
cabedelo,12,BR,1642701405,65,-6.9811,-34.8339,88.47,12.17
ormara,0,PK,1642701867,87,25.2088,64.6357,73.89,18.68
dabrowa tarnowska,77,PL,1642701868,69,50.1746,20.9863,31.53,19.77
kristiansund,75,NO,1642701868,60,63.1115,7.732,34.45,19.57
arecibo,27,PR,1642701868,68,18.4724,-66.7157,86.18,3.0
bilma,0,NE,1642701446,19,18.6853,12.9164,60.3,7.16
tukrah,21,LY,1642701869,66,32.5341,20.5791,54.1,11.45
umm kaddadah,5,SD,1642701487,16,13.6017,26.6876,59.54,13.02
yar,100,RU,1642701869,91,58.249,52.1026,19.67,14.03
launceston,18,AU,1642701869,93,-41.45,147.1667,52.16,5.75
lubbenau,84,DE,1642701870,68,51.8667,13.9667,31.91,15.66
krasnoselkup,90,RU,1642701870,94,65.7,82.4667,6.24,16.55
ugoofaaru,73,MV,1642701836,70,5.6667,73.0,81.45,9.35
azul,98,AR,1642701870,72,-36.777,-59.8585,76.33,10.63
olavarria,98,AR,1642701735,85,-36.8927,-60.3225,76.01,12.06
shirokiy,48,RU,1642701871,100,49.758,129.523,-27.08,2.62
provideniya,11,RU,1642701460,82,64.3833,-173.3,-12.05,6.2
tazovskiy,100,RU,1642701871,92,67.4667,78.7,7.92,15.12
kuliyapitiya,72,LK,1642701748,74,7.4688,80.0401,73.08,4.29
constantine,20,DZ,1642701872,70,36.365,6.6147,42.21,6.91
bairnsdale,4,AU,1642701814,95,-37.8333,147.6167,58.69,3.47
atar,65,MR,1642701498,10,20.5169,-13.0499,84.96,11.48
kainan,55,JP,1642701872,71,34.15,135.2,39.24,14.88
kaprijke,97,BE,1642701872,80,51.208,3.6273,40.03,13.94
jian,100,CN,1642701873,86,27.1172,114.9793,52.56,5.5
tabas,0,IR,1642701873,26,33.5959,56.9244,48.61,2.89
piranshahr,73,IR,1642701873,84,36.701,45.1413,2.61,4.88
eyl,56,SO,1642701462,73,7.9803,49.8164,76.3,17.45
atbasar,90,KZ,1642701874,98,51.8,68.3333,-4.4,5.46
kuldur,42,RU,1642701874,98,49.2167,131.6333,-13.2,4.61
meihekou,7,CN,1642701874,98,42.5272,125.6753,-8.1,2.75
roma,0,US,1642701875,57,43.2128,-75.4557,20.12,1.01
olafsvik,100,IS,1642701444,97,64.8945,-23.7142,43.95,24.72
uusikaupunki,98,FI,1642701875,71,60.8004,21.4084,27.12,22.55
port lincoln,100,AU,1642701542,67,-34.7333,135.8667,71.58,12.88
golden gate,75,US,1642701876,92,26.1879,-81.6951,78.98,5.75
palmer,75,US,1642701876,51,42.1584,-72.3287,35.58,4.0
guapo,98,BR,1642701876,43,-16.8306,-49.5319,89.98,2.71
sao joao da barra,16,BR,1642701392,80,-21.6403,-41.0511,87.89,11.16
ahuimanu,0,US,1642701877,83,21.4447,-157.8378,74.91,1.01
ambanja,100,MG,1642701877,97,-13.6833,48.45,73.51,1.05
east wenatchee bench,100,US,1642701738,93,47.4257,-120.2812,36.34,5.75
cradock,62,ZA,1642701877,32,-32.1642,25.6192,84.92,8.46
fuzhou,100,CN,1642701606,89,26.0614,119.3061,50.83,3.85
jiamusi,7,CN,1642701788,96,46.8333,130.35,-13.04,5.66
goderich,100,CA,1642701878,78,43.7501,-81.7165,15.91,15.28
laranjeiras do sul,9,BR,1642701878,24,-25.4078,-52.4161,95.18,2.8
jardim,56,BR,1642701878,45,-21.4803,-56.1381,89.35,4.0
ambon,100,ID,1642701879,82,-3.6954,128.1814,79.68,5.68
salalah,32,OM,1642701400,72,17.0151,54.0924,73.65,2.84
vao,85,NC,1642701879,85,-22.6667,167.4833,77.43,18.61
shache,0,CN,1642701521,31,38.4167,77.2406,34.72,5.64
celestun,5,MX,1642701512,60,20.8667,-90.4,81.03,5.32
lata,1,PT,1642701415,71,40.1629,-8.3327,56.8,3.4
jizan,41,SA,1642701880,65,17.3333,42.6667,75.29,11.12
pundaguitan,95,PH,1642701880,76,6.3711,126.1689,80.33,12.06
beitbridge,25,ZW,1642701880,44,-22.2167,30.0,78.93,12.84
burnie,12,AU,1642701409,95,-41.0667,145.9167,56.91,8.23
muisne,92,EC,1642701881,83,0.6,-80.0333,84.31,13.78
abha,0,SA,1642701881,87,18.2164,42.5053,52.05,8.05
dunedin,100,NZ,1642701449,81,-45.8742,170.5036,57.79,5.99
coxim,98,BR,1642701881,75,-18.5067,-54.76,82.02,2.82
dudinka,100,RU,1642701882,94,69.4058,86.1778,6.44,19.24
morristown,100,US,1642701882,79,36.214,-83.2949,36.7,9.22
victoria,84,HK,1642701379,84,22.2855,114.1577,64.38,1.99
estrela,25,BR,1642701882,34,-28.0611,-50.9383,90.41,2.48
ippy,39,CF,1642701625,23,6.2679,21.2247,83.17,3.76
qaqortoq,100,GL,1642701883,90,60.7167,-46.0333,32.5,21.14
srednekolymsk,40,RU,1642701494,99,67.45,153.6833,-40.43,2.68
kralendijk,75,BQ,1642701883,65,12.15,-68.2667,84.18,18.41
kokstad,20,ZA,1642701883,89,-30.5472,29.4241,63.99,3.27
iqaluit,20,CA,1642701445,68,63.7506,-68.5145,-20.31,1.99
kamenka,61,RU,1642701884,99,51.3223,42.7678,2.8,8.7
port macquarie,100,AU,1642701477,75,-31.4333,152.9167,64.36,11.65
bulaevo,89,KZ,1642701884,100,54.9056,70.4439,-6.52,5.59
asosa,43,ET,1642701885,30,10.0667,34.5333,64.56,4.54
canico,75,PT,1642701885,77,32.6333,-16.85,69.12,1.01
sur,7,OM,1642701479,84,22.5667,59.5289,73.67,9.08
deda,100,RO,1642701885,97,46.9333,24.9,30.97,5.59
tsaratanana,100,MG,1642701886,96,-16.7833,47.65,72.16,1.23
carutapera,25,BR,1642701521,68,-1.195,-46.02,84.9,8.39
coronado,0,US,1642701886,59,32.6859,-117.1831,74.68,0.0
karibib,93,NA,1642701886,81,-21.9333,15.8333,70.3,10.83
mpika,50,ZM,1642701887,96,-11.8343,31.4529,60.57,1.23
salinopolis,18,BR,1642701887,70,-0.6136,-47.3561,84.33,11.92
aban,82,RU,1642701887,100,56.67,96.06,-9.58,3.83
bubaque,83,GW,1642701349,73,11.2833,-15.8333,79.09,12.33
zaysan,100,KZ,1642701888,92,47.4667,84.8667,5.65,3.87
ellisras,85,ZA,1642701888,42,-23.6649,27.7443,79.83,0.87
almunecar,6,ES,1642701888,70,36.7339,-3.6907,56.71,2.86
vilyuysk,100,RU,1642701889,98,63.7553,121.6247,-0.2,3.49
sibu,40,MY,1642701452,100,2.3,111.8167,75.51,1.99
port moresby,94,PG,1642701657,92,-9.4431,147.1797,75.07,8.99
shestakovo,80,RU,1642701889,100,56.4915,103.96,-9.36,2.77
faanui,100,PF,1642701394,77,-16.4833,-151.75,81.45,21.54
bima,100,ID,1642701889,91,-8.4667,118.7167,75.96,1.72
inirida,61,CO,1642701890,47,3.8653,-67.9239,91.42,1.48
cape coast,65,GH,1642701890,60,5.1053,-1.2466,82.06,9.93
satu mare,40,RO,1642701890,93,47.8,22.8833,33.96,16.11
tilichiki,6,RU,1642701891,82,60.4667,166.1,-18.27,8.79
jalingo,53,NG,1642701891,16,8.8833,11.3667,77.05,5.68
kavali,59,IN,1642701640,77,14.9167,79.9833,72.41,7.07
kerema,99,PG,1642701892,89,-7.9631,145.7785,75.49,4.0
erzin,0,TR,1642701892,53,36.9559,36.2,41.72,3.98
alamos,85,MX,1642701892,35,27.0167,-108.9333,72.68,3.31
bud,58,US,1642701892,66,39.447,-86.1758,25.41,9.98
inuvik,100,CA,1642701893,98,68.3499,-133.7218,-23.03,8.9
aleksandrov gay,92,RU,1642701893,99,50.147,48.5704,12.06,2.82
ustka,79,PL,1642701847,51,54.5805,16.8619,31.6,26.28
ballina,89,AU,1642701893,1,-28.8667,153.5667,68.95,19.39
northam,12,GB,1642701894,70,51.0333,-4.2167,42.62,5.35
poum,28,NC,1642701540,76,-20.2333,164.0167,80.96,5.97
mumford,75,GH,1642701894,58,5.2618,-0.759,81.34,9.62
vredendal,0,ZA,1642701894,28,-31.6683,18.5012,77.77,17.45
kendari,98,ID,1642701821,88,-3.945,122.4989,75.96,6.76
araria,53,IN,1642701895,63,26.15,87.5167,58.26,5.3
korla,100,CN,1642701506,47,41.7597,86.1469,29.55,6.89
kudahuvadhoo,73,MV,1642701895,71,2.6708,72.8944,81.45,8.01
luganville,48,VU,1642701895,89,-15.5333,167.1667,78.93,3.89
pudozh,100,RU,1642701896,97,61.8099,36.5345,31.3,8.59
pipri,1,IN,1642701896,37,19.8,75.5333,69.69,8.32
